timestamp,condition,pos_type,seed,data_seed,length,seen_end,iteration,val_answer_loss,val_acc_all,val_acc_k1plus,val_acc_k0,val_acc_k1,val_acc_k2,val_acc_k3,val_under_rate,val_over_rate,val_invalid_rate,heldout_answer_loss,heldout_acc_all,heldout_acc_k1plus,heldout_acc_k0,heldout_acc_k1,heldout_acc_k2,heldout_acc_k3,heldout_under_rate,heldout_over_rate,heldout_invalid_rate,val_confusion,heldout_confusion
2026-10-06T19:01:02,no_scratchpad,none,1337,1337,20,10,500,0.000237,1.000000,1.000000,1.000000,1.000000,1.000000,1.000000,0.000000,0.000000,0.000000,1.570971,0.842500,0.790000,1.000000,0.384000,0.986000,1.000000,0.157500,0.000000,0.000000,"0:1250,0,0,0,0;1:0,1250,0,0,0;2:0,0,1250,0,0;3:0,0,0,1250,0","0:500,0,0,0,0;1:308,192,0,0,0;2:0,7,493,0,0;3:0,0,0,500,0"
2026-10-06T19:01:08,no_scratchpad,none,1337,1337,20,10,1000,0.000019,1.000000,1.000000,1.000000,1.000000,1.000000,1.000000,0.000000,0.000000,0.000000,1.894919,0.844000,0.792000,1.000000,0.406000,0.970000,1.000000,0.156000,0.000000,0.000000,"0:1250,0,0,0,0;1:0,1250,0,0,0;2:0,0,1250,0,0;3:0,0,0,1250,0","0:500,0,0,0,0;1:297,203,0,0,0;2:0,15,485,0,0;3:0,0,0,500,0"
2026-10-06T19:01:12,no_scratchpad,none,1337,1337,20,10,1500,0.000002,1.000000,1.000000,1.000000,1.000000,1.000000,1.000000,0.000000,0.000000,0.000000,2.123547,0.842000,0.789333,1.000000,0.410000,0.958000,1.000000,0.158000,0.000000,0.000000,"0:1250,0,0,0,0;1:0,1250,0,0,0;2:0,0,1250,0,0;3:0,0,0,1250,0","0:500,0,0,0,0;1:295,205,0,0,0;2:0,21,479,0,0;3:0,0,0,500,0"
2026-10-06T19:01:17,no_scratchpad,none,1337,1337,20,10,2000,0.000000,1.000000,1.000000,1.000000,1.000000,1.000000,1.000000,0.000000,0.000000,0.000000,2.226111,0.846500,0.795333,1.000000,0.418000,0.968000,1.000000,0.153500,0.000000,0.000000,"0:1250,0,0,0,0;1:0,1250,0,0,0;2:0,0,1250,0,0;3:0,0,0,1250,0","0:500,0,0,0,0;1:291,209,0,0,0;2:0,16,484,0,0;3:0,0,0,500,0"
2026-10-06T19:05:19,no_scratchpad,none,1338,1337,20,10,500,0.000256,1.000000,1.000000,1.000000,1.000000,1.000000,1.000000,0.000000,0.000000,0.000000,1.404879,0.822000,0.762667,1.000000,0.288000,1.000000,1.000000,0.178000,0.000000,0.000000,"0:1250,0,0,0,0;1:0,1250,0,0,0;2:0,0,1250,0,0;3:0,0,0,1250,0","0:500,0,0,0,0;1:356,144,0,0,0;2:0,0,500,0,0;3:0,0,0,500,0"
2026-10-06T19:05:25,no_scratchpad,none,1338,1337,20,10,1000,0.000020,1.000000,1.000000,1.000000,1.000000,1.000000,1.000000,0.000000,0.000000,0.000000,1.786083,0.823500,0.764667,1.000000,0.294000,1.000000,1.000000,0.176500,0.000000,0.000000,"0:1250,0,0,0,0;1:0,1250,0,0,0;2:0,0,1250,0,0;3:0,0,0,1250,0","0:500,0,0,0,0;1:353,147,0,0,0;2:0,0,500,0,0;3:0,0,0,500,0"
2026-10-06T19:05:30,no_scratchpad,none,1338,1337,20,10,1500,0.000003,1.000000,1.000000,1.000000,1.000000,1.000000,1.000000,0.000000,0.000000,0.000000,2.081811,0.824500,0.766000,1.000000,0.298000,1.000000,1.000000,0.175500,0.000000,0.000000,"0:1250,0,0,0,0;1:0,1250,0,0,0;2:0,0,1250,0,0;3:0,0,0,1250,0","0:500,0,0,0,0;1:351,149,0,0,0;2:0,0,500,0,0;3:0,0,0,500,0"
2026-10-06T19:05:35,no_scratchpad,none,1338,1337,20,10,2000,0.000000,1.000000,1.000000,1.000000,1.000000,1.000000,1.000000,0.000000,0.000000,0.000000,2.229592,0.824500,0.766000,1.000000,0.298000,1.000000,1.000000,0.175500,0.000000,0.000000,"0:1250,0,0,0,0;1:0,1250,0,0,0;2:0,0,1250,0,0;3:0,0,0,1250,0","0:500,0,0,0,0;1:351,149,0,0,0;2:0,0,500,0,0;3:0,0,0,500,0"
2026-10-06T19:08:53,no_scratchpad,none,1339,1337,20,10,500,0.000257,1.000000,1.000000,1.000000,1.000000,1.000000,1.000000,0.000000,0.000000,0.000000,1.488141,0.851000,0.801333,1.000000,0.404000,1.000000,1.000000,0.149000,0.000000,0.000000,"0:1250,0,0,0,0;1:0,1250,0,0,0;2:0,0,1250,0,0;3:0,0,0,1250,0","0:500,0,0,0,0;1:298,202,0,0,0;2:0,0,500,0,0;3:0,0,0,500,0"
2026-10-06T19:08:57,no_scratchpad,none,1339,1337,20,10,1000,0.000021,1.000000,1.000000,1.000000,1.000000,1.000000,1.000000,0.000000,0.000000,0.000000,1.257936,0.895500,0.860667,1.000000,0.582000,1.000000,1.000000,0.104500,0.000000,0.000000,"0:1250,0,0,0,0;1:0,1250,0,0,0;2:0,0,1250,0,0;3:0,0,0,1250,0","0:500,0,0,0,0;1:209,291,0,0,0;2:0,0,500,0,0;3:0,0,0,500,0"
2026-10-06T19:09:02,no_scratchpad,none,1339,1337,20,10,1500,0.000003,1.000000,1.000000,1.000000,1.000000,1.000000,1.000000,0.000000,0.000000,0.000000,0.927623,0.926500,0.902000,1.000000,0.706000,1.000000,1.000000,0.073500,0.000000,0.000000,"0:1250,0,0,0,0;1:0,1250,0,0,0;2:0,0,1250,0,0;3:0,0,0,1250,0","0:500,0,0,0,0;1:147,353,0,0,0;2:0,0,500,0,0;3:0,0,0,500,0"
2026-10-06T19:09:07,no_scratchpad,none,1339,1337,20,10,2000,0.000000,1.000000,1.000000,1.000000,1.000000,1.000000,1.000000,0.000000,0.000000,0.000000,0.495018,0.949500,0.932667,1.000000,0.798000,1.000000,1.000000,0.050500,0.000000,0.000000,"0:1250,0,0,0,0;1:0,1250,0,0,0;2:0,0,1250,0,0;3:0,0,0,1250,0","0:500,0,0,0,0;1:101,399,0,0,0;2:0,0,500,0,0;3:0,0,0,500,0"
2026-10-06T19:12:11,no_scratchpad,none,1340,1337,20,10,500,0.000256,1.000000,1.000000,1.000000,1.000000,1.000000,1.000000,0.000000,0.000000,0.000000,0.000270,1.000000,1.000000,1.000000,1.000000,1.000000,1.000000,0.000000,0.000000,0.000000,"0:1250,0,0,0,0;1:0,1250,0,0,0;2:0,0,1250,0,0;3:0,0,0,1250,0","0:500,0,0,0,0;1:0,500,0,0,0;2:0,0,500,0,0;3:0,0,0,500,0"
2026-10-06T19:12:15,no_scratchpad,none,1340,1337,20,10,1000,0.000020,1.000000,1.000000,1.000000,1.000000,1.000000,1.000000,0.000000,0.000000,0.000000,0.000021,1.000000,1.000000,1.000000,1.000000,1.000000,1.000000,0.000000,0.000000,0.000000,"0:1250,0,0,0,0;1:0,1250,0,0,0;2:0,0,1250,0,0;3:0,0,0,1250,0","0:500,0,0,0,0;1:0,500,0,0,0;2:0,0,500,0,0;3:0,0,0,500,0"
2026-10-06T19:12:19,no_scratchpad,none,1340,1337,20,10,1500,0.000002,1.000000,1.000000,1.000000,1.000000,1.000000,1.000000,0.000000,0.000000,0.000000,0.000003,1.000000,1.000000,1.000000,1.000000,1.000000,1.000000,0.000000,0.000000,0.000000,"0:1250,0,0,0,0;1:0,1250,0,0,0;2:0,0,1250,0,0;3:0,0,0,1250,0","0:500,0,0,0,0;1:0,500,0,0,0;2:0,0,500,0,0;3:0,0,0,500,0"
2026-10-06T19:12:23,no_scratchpad,none,1340,1337,20,10,2000,0.000000,1.000000,1.000000,1.000000,1.000000,1.000000,1.000000,0.000000,0.000000,0.000000,0.000001,1.000000,1.000000,1.000000,1.000000,1.000000,1.000000,0.000000,0.000000,0.000000,"0:1250,0,0,0,0;1:0,1250,0,0,0;2:0,0,1250,0,0;3:0,0,0,1250,0","0:500,0,0,0,0;1:0,500,0,0,0;2:0,0,500,0,0;3:0,0,0,500,0"
2026-10-06T19:15:17,no_scratchpad,none,1341,1337,20,10,500,0.000238,1.000000,1.000000,1.000000,1.000000,1.000000,1.000000,0.000000,0.000000,0.000000,0.000254,1.000000,1.000000,1.000000,1.000000,1.000000,1.000000,0.000000,0.000000,0.000000,"0:1250,0,0,0,0;1:0,1250,0,0,0;2:0,0,1250,0,0;3:0,0,0,1250,0","0:500,0,0,0,0;1:0,500,0,0,0;2:0,0,500,0,0;3:0,0,0,500,0"
2026-10-06T19:15:22,no_scratchpad,none,1341,1337,20,10,1000,0.000020,1.000000,1.000000,1.000000,1.000000,1.000000,1.000000,0.000000,0.000000,0.000000,0.000023,1.000000,1.000000,1.000000,1.000000,1.000000,1.000000,0.000000,0.000000,0.000000,"0:1250,0,0,0,0;1:0,1250,0,0,0;2:0,0,1250,0,0;3:0,0,0,1250,0","0:500,0,0,0,0;1:0,500,0,0,0;2:0,0,500,0,0;3:0,0,0,500,0"
2026-10-06T19:15:27,no_scratchpad,none,1341,1337,20,10,1500,0.000003,1.000000,1.000000,1.000000,1.000000,1.000000,1.000000,0.000000,0.000000,0.000000,0.000003,1.000000,1.000000,1.000000,1.000000,1.000000,1.000000,0.000000,0.000000,0.000000,"0:1250,0,0,0,0;1:0,1250,0,0,0;2:0,0,1250,0,0;3:0,0,0,1250,0","0:500,0,0,0,0;1:0,500,0,0,0;2:0,0,500,0,0;3:0,0,0,500,0"
2026-10-06T19:15:31,no_scratchpad,none,1341,1337,20,10,2000,0.000000,1.000000,1.000000,1.000000,1.000000,1.000000,1.000000,0.000000,0.000000,0.000000,0.000001,1.000000,1.000000,1.000000,1.000000,1.000000,1.000000,0.000000,0.000000,0.000000,"0:1250,0,0,0,0;1:0,1250,0,0,0;2:0,0,1250,0,0;3:0,0,0,1250,0","0:500,0,0,0,0;1:0,500,0,0,0;2:0,0,500,0,0;3:0,0,0,500,0"
