condition,iteration,n_seeds,seen_answer_mean_pct,seen_answer_sample_sd_pct,unseen_answer_mean_pct,unseen_answer_sample_sd_pct,unseen_T_mean_pct,unseen_F_mean_pct,unseen_trace_exact_mean_pct,unseen_invalid_answer_mean_pct,unseen_invalid_answer_sample_sd_pct
no_scratchpad,500,5,100.0000,0.0000,49.2400,1.6994,0.0000,98.4800,,,
no_scratchpad,1000,5,100.0000,0.0000,49.3200,1.5205,0.0000,98.6400,,,
no_scratchpad,1500,5,100.0000,0.0000,49.4000,1.3416,0.0000,98.8000,,,
no_scratchpad,2000,5,100.0000,0.0000,49.4500,1.2298,0.0000,98.9000,,0.0000,0.0000
dummy,500,5,100.0000,0.0000,51.6700,6.9871,9.9600,93.3800,100.0000,,
dummy,1000,5,100.0000,0.0000,51.1500,7.1244,11.2000,91.1000,100.0000,,
dummy,1500,5,100.0000,0.0000,51.4800,7.5735,12.0400,90.9200,100.0000,,
dummy,2000,5,100.0000,0.0000,52.0900,7.1759,12.5200,91.6600,100.0000,3.8900,8.6983
meaningful,500,5,100.0000,0.0000,100.0000,0.0000,100.0000,100.0000,100.0000,,
meaningful,1000,5,100.0000,0.0000,100.0000,0.0000,100.0000,100.0000,100.0000,,
meaningful,1500,5,100.0000,0.0000,100.0000,0.0000,100.0000,100.0000,100.0000,,
meaningful,2000,5,100.0000,0.0000,100.0000,0.0000,100.0000,100.0000,100.0000,0.0000,0.0000
