timestamp,condition,seed,data_seed,iteration,val_teacher_answer_loss,val_teacher_state_loss,val_teacher_answer_acc,val_free_answer_acc,val_free_T_acc,val_free_F_acc,val_teacher_state_acc,val_free_state_acc,val_trace_exact_acc,val_invalid_state_rate,val_decision_acc,val_decision_T_acc,val_decision_F_acc,heldout_teacher_answer_loss,heldout_teacher_state_loss,heldout_teacher_answer_acc,heldout_free_answer_acc,heldout_free_T_acc,heldout_free_F_acc,heldout_teacher_state_acc,heldout_free_state_acc,heldout_trace_exact_acc,heldout_invalid_state_rate,heldout_decision_acc,heldout_decision_T_acc,heldout_decision_F_acc
2026-09-28T15:53:29,no_scratchpad,1337,1337,500,0.013849,,0.996400,0.996400,0.996400,0.996400,,,,,,,,4.802993,,0.500000,0.500000,0.000000,1.000000,,,,,,,
2026-09-28T15:53:33,no_scratchpad,1337,1337,1000,0.058104,,0.989800,0.989800,1.000000,0.979600,,,,,,,,6.699348,,0.500000,0.500000,0.000000,1.000000,,,,,,,
2026-09-28T15:53:37,no_scratchpad,1337,1337,1500,0.000017,,1.000000,1.000000,1.000000,1.000000,,,,,,,,7.412521,,0.500000,0.500000,0.000000,1.000000,,,,,,,
2026-09-28T15:53:41,no_scratchpad,1337,1337,2000,0.000004,,1.000000,1.000000,1.000000,1.000000,,,,,,,,8.210768,,0.500000,0.500000,0.000000,1.000000,,,,,,,
2026-09-28T15:55:06,no_scratchpad,1338,1337,500,0.002645,,0.999800,0.999800,1.000000,0.999600,,,,,,,,4.310436,,0.500000,0.500000,0.000000,1.000000,,,,,,,
2026-09-28T15:55:10,no_scratchpad,1338,1337,1000,0.000035,,1.000000,1.000000,1.000000,1.000000,,,,,,,,7.386951,,0.500000,0.500000,0.000000,1.000000,,,,,,,
2026-09-28T15:55:14,no_scratchpad,1338,1337,1500,0.000005,,1.000000,1.000000,1.000000,1.000000,,,,,,,,8.563826,,0.500000,0.500000,0.000000,1.000000,,,,,,,
2026-09-28T15:55:18,no_scratchpad,1338,1337,2000,0.000001,,1.000000,1.000000,1.000000,1.000000,,,,,,,,9.506440,,0.500000,0.500000,0.000000,1.000000,,,,,,,
2026-09-28T15:56:47,no_scratchpad,1339,1337,500,0.000469,,1.000000,1.000000,1.000000,1.000000,,,,,,,,5.217675,,0.500000,0.500000,0.000000,1.000000,,,,,,,
2026-09-28T15:56:50,no_scratchpad,1339,1337,1000,0.000032,,1.000000,1.000000,1.000000,1.000000,,,,,,,,1.758887,,0.846000,0.846000,0.692000,1.000000,,,,,,,
2026-09-28T15:56:54,no_scratchpad,1339,1337,1500,0.000004,,1.000000,1.000000,1.000000,1.000000,,,,,,,,2.755315,,0.794500,0.794500,0.589000,1.000000,,,,,,,
2026-09-28T15:56:58,no_scratchpad,1339,1337,2000,0.000001,,1.000000,1.000000,1.000000,1.000000,,,,,,,,3.336641,,0.790000,0.790000,0.580000,1.000000,,,,,,,
2026-09-28T15:58:29,no_scratchpad,1340,1337,500,0.000927,,1.000000,1.000000,1.000000,1.000000,,,,,,,,0.650766,,0.890000,0.890000,0.780000,1.000000,,,,,,,
2026-09-28T15:58:33,no_scratchpad,1340,1337,1000,0.000072,,1.000000,1.000000,1.000000,1.000000,,,,,,,,1.265066,,0.858000,0.858000,0.716000,1.000000,,,,,,,
2026-09-28T15:58:37,no_scratchpad,1340,1337,1500,0.000011,,1.000000,1.000000,1.000000,1.000000,,,,,,,,1.930274,,0.828500,0.828500,0.657000,1.000000,,,,,,,
2026-09-28T15:58:41,no_scratchpad,1340,1337,2000,0.000002,,1.000000,1.000000,1.000000,1.000000,,,,,,,,2.246521,,0.828500,0.828500,0.657000,1.000000,,,,,,,
2026-09-28T16:00:11,no_scratchpad,1341,1337,500,0.009675,,0.996200,0.996200,0.992400,1.000000,,,,,,,,2.665463,,0.676500,0.676500,0.353000,1.000000,,,,,,,
2026-09-28T16:00:15,no_scratchpad,1341,1337,1000,0.000032,,1.000000,1.000000,1.000000,1.000000,,,,,,,,2.530325,,0.759500,0.759500,0.519000,1.000000,,,,,,,
2026-09-28T16:00:19,no_scratchpad,1341,1337,1500,0.000005,,1.000000,1.000000,1.000000,1.000000,,,,,,,,3.036841,,0.755500,0.755500,0.511000,1.000000,,,,,,,
2026-09-28T16:00:23,no_scratchpad,1341,1337,2000,0.000001,,1.000000,1.000000,1.000000,1.000000,,,,,,,,3.491510,,0.751000,0.751000,0.502000,1.000000,,,,,,,
2026-09-28T16:03:34,dummy,1337,1337,500,0.035517,0.000434,0.986800,0.986800,0.973600,1.000000,1.000000,1.000000,1.000000,0.000000,,,,1.635170,0.000492,0.752500,0.752500,0.505000,1.000000,1.000000,1.000000,1.000000,0.000000,,,
2026-09-28T16:04:12,dummy,1337,1337,1000,0.000112,0.000074,1.000000,1.000000,1.000000,1.000000,1.000000,1.000000,1.000000,0.000000,,,,5.393477,0.000095,0.206500,0.206500,0.000000,0.413000,1.000000,1.000000,1.000000,0.000000,,,
2026-09-28T16:04:51,dummy,1337,1337,1500,0.000026,0.000028,1.000000,1.000000,1.000000,1.000000,1.000000,1.000000,1.000000,0.000000,,,,4.081381,0.000031,0.569500,0.569500,0.219000,0.920000,1.000000,1.000000,1.000000,0.000000,,,
2026-09-28T16:05:30,dummy,1337,1337,2000,0.000007,0.000010,1.000000,1.000000,1.000000,1.000000,1.000000,1.000000,1.000000,0.000000,,,,4.594323,0.000011,0.445500,0.445500,0.200000,0.691000,1.000000,1.000000,1.000000,0.000000,,,
2026-09-28T16:08:44,dummy,1338,1337,500,0.074927,0.000434,0.972000,0.972000,1.000000,0.944000,1.000000,1.000000,1.000000,0.000000,,,,4.694565,0.000536,0.312500,0.312500,0.000000,0.625000,1.000000,1.000000,1.000000,0.000000,,,
2026-09-28T16:09:23,dummy,1338,1337,1000,0.000059,0.000049,1.000000,1.000000,1.000000,1.000000,1.000000,1.000000,1.000000,0.000000,,,,9.487448,0.000051,0.035000,0.035000,0.000000,0.070000,1.000000,1.000000,1.000000,0.000000,,,
2026-09-28T16:10:02,dummy,1338,1337,1500,0.000008,0.000008,1.000000,1.000000,1.000000,1.000000,1.000000,1.000000,1.000000,0.000000,,,,11.840460,0.000009,0.014500,0.014500,0.000000,0.029000,1.000000,1.000000,1.000000,0.000000,,,
2026-09-28T16:10:40,dummy,1338,1337,2000,0.000002,0.000002,1.000000,1.000000,1.000000,1.000000,1.000000,1.000000,1.000000,0.000000,,,,13.346594,0.000002,0.015000,0.015000,0.000000,0.030000,1.000000,1.000000,1.000000,0.000000,,,
2026-09-28T16:13:55,dummy,1339,1337,500,0.025904,0.000377,0.987600,0.987600,0.983600,0.991600,1.000000,1.000000,1.000000,0.000000,,,,0.902726,0.000361,0.730000,0.730000,0.886000,0.574000,1.000000,1.000000,1.000000,0.000000,,,
2026-09-28T16:14:49,dummy,1339,1337,1000,0.000036,0.000036,1.000000,1.000000,1.000000,1.000000,1.000000,1.000000,1.000000,0.000000,,,,6.110484,0.000036,0.508000,0.508000,1.000000,0.016000,1.000000,1.000000,1.000000,0.000000,,,
2026-09-28T16:15:39,dummy,1339,1337,1500,0.000005,0.000005,1.000000,1.000000,1.000000,1.000000,1.000000,1.000000,1.000000,0.000000,,,,7.180322,0.000005,0.508500,0.508500,1.000000,0.017000,1.000000,1.000000,1.000000,0.000000,,,
2026-09-28T16:16:28,dummy,1339,1337,2000,0.000001,0.000001,1.000000,1.000000,1.000000,1.000000,1.000000,1.000000,1.000000,0.000000,,,,7.989161,0.000001,0.508500,0.508500,1.000000,0.017000,1.000000,1.000000,1.000000,0.000000,,,
2026-09-28T16:20:40,dummy,1340,1337,500,0.033964,0.000271,0.989600,0.989600,0.979200,1.000000,1.000000,1.000000,1.000000,0.000000,,,,4.144927,0.000270,0.500000,0.500000,0.000000,1.000000,1.000000,1.000000,1.000000,0.000000,,,
2026-09-28T16:21:26,dummy,1340,1337,1000,0.000062,0.000045,1.000000,1.000000,1.000000,1.000000,1.000000,1.000000,1.000000,0.000000,,,,9.694507,0.000048,0.020500,0.020500,0.000000,0.041000,1.000000,1.000000,1.000000,0.000000,,,
2026-09-28T16:22:09,dummy,1340,1337,1500,0.000008,0.000008,1.000000,1.000000,1.000000,1.000000,1.000000,1.000000,1.000000,0.000000,,,,10.926887,0.000008,0.020500,0.020500,0.000000,0.041000,1.000000,1.000000,1.000000,0.000000,,,
2026-09-28T16:22:52,dummy,1340,1337,2000,0.000002,0.000002,1.000000,1.000000,1.000000,1.000000,1.000000,1.000000,1.000000,0.000000,,,,11.999145,0.000002,0.023500,0.023500,0.000000,0.047000,1.000000,1.000000,1.000000,0.000000,,,
2026-09-28T16:27:36,dummy,1341,1337,500,0.081532,0.000712,0.974000,0.974000,0.992800,0.955200,1.000000,1.000000,1.000000,0.000000,,,,2.758421,0.000469,0.500000,0.500000,0.000000,1.000000,1.000000,1.000000,1.000000,0.000000,,,
2026-09-28T16:29:03,dummy,1341,1337,1000,0.000063,0.000058,1.000000,1.000000,1.000000,1.000000,1.000000,1.000000,1.000000,0.000000,,,,5.618979,0.000058,0.042000,0.042000,0.000000,0.084000,1.000000,1.000000,1.000000,0.000000,,,
2026-09-28T16:30:18,dummy,1341,1337,1500,0.000009,0.000010,1.000000,1.000000,1.000000,1.000000,1.000000,1.000000,1.000000,0.000000,,,,6.817896,0.000010,0.042500,0.042500,0.000000,0.085000,1.000000,1.000000,1.000000,0.000000,,,
2026-09-28T16:31:44,dummy,1341,1337,2000,0.000002,0.000002,1.000000,1.000000,1.000000,1.000000,1.000000,1.000000,1.000000,0.000000,,,,7.749986,0.000002,0.043000,0.043000,0.000000,0.086000,1.000000,1.000000,1.000000,0.000000,,,
2026-09-28T16:37:09,meaningful,1337,1337,500,0.000149,0.000317,1.000000,1.000000,1.000000,1.000000,1.000000,1.000000,1.000000,0.000000,1.000000,1.000000,1.000000,0.000162,0.000502,1.000000,1.000000,1.000000,1.000000,1.000000,1.000000,1.000000,0.000000,1.000000,1.000000,1.000000
2026-09-28T16:38:17,meaningful,1337,1337,1000,0.000012,0.000027,1.000000,1.000000,1.000000,1.000000,1.000000,1.000000,1.000000,0.000000,1.000000,1.000000,1.000000,0.000013,0.000045,1.000000,1.000000,1.000000,1.000000,1.000000,1.000000,1.000000,0.000000,1.000000,1.000000,1.000000
2026-09-28T16:39:21,meaningful,1337,1337,1500,0.000002,0.000004,1.000000,1.000000,1.000000,1.000000,1.000000,1.000000,1.000000,0.000000,1.000000,1.000000,1.000000,0.000002,0.000006,1.000000,1.000000,1.000000,1.000000,1.000000,1.000000,1.000000,0.000000,1.000000,1.000000,1.000000
2026-09-28T16:40:25,meaningful,1337,1337,2000,0.000000,0.000001,1.000000,1.000000,1.000000,1.000000,1.000000,1.000000,1.000000,0.000000,1.000000,1.000000,1.000000,0.000000,0.000001,1.000000,1.000000,1.000000,1.000000,1.000000,1.000000,1.000000,0.000000,1.000000,1.000000,1.000000
2026-09-28T16:47:05,meaningful,1338,1337,500,0.000144,0.000327,1.000000,1.000000,1.000000,1.000000,1.000000,1.000000,1.000000,0.000000,1.000000,1.000000,1.000000,0.000162,0.000522,1.000000,1.000000,1.000000,1.000000,1.000000,1.000000,1.000000,0.000000,1.000000,1.000000,1.000000
2026-09-28T16:48:48,meaningful,1338,1337,1000,0.000011,0.000027,1.000000,1.000000,1.000000,1.000000,1.000000,1.000000,1.000000,0.000000,1.000000,1.000000,1.000000,0.000013,0.000045,1.000000,1.000000,1.000000,1.000000,1.000000,1.000000,1.000000,0.000000,1.000000,1.000000,1.000000
2026-09-28T16:50:33,meaningful,1338,1337,1500,0.000001,0.000004,1.000000,1.000000,1.000000,1.000000,1.000000,1.000000,1.000000,0.000000,1.000000,1.000000,1.000000,0.000002,0.000006,1.000000,1.000000,1.000000,1.000000,1.000000,1.000000,1.000000,0.000000,1.000000,1.000000,1.000000
2026-09-28T16:52:34,meaningful,1338,1337,2000,0.000000,0.000001,1.000000,1.000000,1.000000,1.000000,1.000000,1.000000,1.000000,0.000000,1.000000,1.000000,1.000000,0.000000,0.000001,1.000000,1.000000,1.000000,1.000000,1.000000,1.000000,1.000000,0.000000,1.000000,1.000000,1.000000
2026-09-28T17:00:04,meaningful,1339,1337,500,0.000149,0.000294,1.000000,1.000000,1.000000,1.000000,1.000000,1.000000,1.000000,0.000000,1.000000,1.000000,1.000000,0.000177,0.000453,1.000000,1.000000,1.000000,1.000000,1.000000,1.000000,1.000000,0.000000,1.000000,1.000000,1.000000
2026-09-28T17:01:21,meaningful,1339,1337,1000,0.000012,0.000025,1.000000,1.000000,1.000000,1.000000,1.000000,1.000000,1.000000,0.000000,1.000000,1.000000,1.000000,0.000013,0.000039,1.000000,1.000000,1.000000,1.000000,1.000000,1.000000,1.000000,0.000000,1.000000,1.000000,1.000000
2026-09-28T17:02:52,meaningful,1339,1337,1500,0.000001,0.000003,1.000000,1.000000,1.000000,1.000000,1.000000,1.000000,1.000000,0.000000,1.000000,1.000000,1.000000,0.000002,0.000005,1.000000,1.000000,1.000000,1.000000,1.000000,1.000000,1.000000,0.000000,1.000000,1.000000,1.000000
2026-09-28T17:04:16,meaningful,1339,1337,2000,0.000000,0.000001,1.000000,1.000000,1.000000,1.000000,1.000000,1.000000,1.000000,0.000000,1.000000,1.000000,1.000000,0.000000,0.000001,1.000000,1.000000,1.000000,1.000000,1.000000,1.000000,1.000000,0.000000,1.000000,1.000000,1.000000
2026-09-28T17:10:35,meaningful,1340,1337,500,0.000147,0.000325,1.000000,1.000000,1.000000,1.000000,1.000000,1.000000,1.000000,0.000000,1.000000,1.000000,1.000000,0.000159,0.000537,1.000000,1.000000,1.000000,1.000000,1.000000,1.000000,1.000000,0.000000,1.000000,1.000000,1.000000
2026-09-28T17:12:07,meaningful,1340,1337,1000,0.000011,0.000027,1.000000,1.000000,1.000000,1.000000,1.000000,1.000000,1.000000,0.000000,1.000000,1.000000,1.000000,0.000012,0.000046,1.000000,1.000000,1.000000,1.000000,1.000000,1.000000,1.000000,0.000000,1.000000,1.000000,1.000000
2026-09-28T17:13:36,meaningful,1340,1337,1500,0.000001,0.000004,1.000000,1.000000,1.000000,1.000000,1.000000,1.000000,1.000000,0.000000,1.000000,1.000000,1.000000,0.000002,0.000006,1.000000,1.000000,1.000000,1.000000,1.000000,1.000000,1.000000,0.000000,1.000000,1.000000,1.000000
2026-09-28T17:15:05,meaningful,1340,1337,2000,0.000000,0.000001,1.000000,1.000000,1.000000,1.000000,1.000000,1.000000,1.000000,0.000000,1.000000,1.000000,1.000000,0.000000,0.000001,1.000000,1.000000,1.000000,1.000000,1.000000,1.000000,1.000000,0.000000,1.000000,1.000000,1.000000
2026-09-28T17:22:25,meaningful,1341,1337,500,0.000156,0.000309,1.000000,1.000000,1.000000,1.000000,1.000000,1.000000,1.000000,0.000000,1.000000,1.000000,1.000000,0.000171,0.000485,1.000000,1.000000,1.000000,1.000000,1.000000,1.000000,1.000000,0.000000,1.000000,1.000000,1.000000
2026-09-28T17:23:51,meaningful,1341,1337,1000,0.000012,0.000026,1.000000,1.000000,1.000000,1.000000,1.000000,1.000000,1.000000,0.000000,1.000000,1.000000,1.000000,0.000013,0.000042,1.000000,1.000000,1.000000,1.000000,1.000000,1.000000,1.000000,0.000000,1.000000,1.000000,1.000000
2026-09-28T17:25:00,meaningful,1341,1337,1500,0.000002,0.000003,1.000000,1.000000,1.000000,1.000000,1.000000,1.000000,1.000000,0.000000,1.000000,1.000000,1.000000,0.000002,0.000006,1.000000,1.000000,1.000000,1.000000,1.000000,1.000000,1.000000,0.000000,1.000000,1.000000,1.000000
2026-09-28T17:26:00,meaningful,1341,1337,2000,0.000000,0.000001,1.000000,1.000000,1.000000,1.000000,1.000000,1.000000,1.000000,0.000000,1.000000,1.000000,1.000000,0.000000,0.000001,1.000000,1.000000,1.000000,1.000000,1.000000,1.000000,1.000000,0.000000,1.000000,1.000000,1.000000
