timestamp,condition,seed,data_seed,iteration,val_teacher_answer_loss,val_teacher_state_loss,val_teacher_answer_acc,val_free_answer_acc,val_invalid_answer_rate,val_free_T_acc,val_free_F_acc,val_teacher_state_acc,val_free_state_acc,val_trace_exact_acc,val_invalid_state_rate,val_decision_acc,val_decision_T_acc,val_decision_F_acc,heldout_teacher_answer_loss,heldout_teacher_state_loss,heldout_teacher_answer_acc,heldout_free_answer_acc,heldout_invalid_answer_rate,heldout_free_T_acc,heldout_free_F_acc,heldout_teacher_state_acc,heldout_free_state_acc,heldout_trace_exact_acc,heldout_invalid_state_rate,heldout_decision_acc,heldout_decision_T_acc,heldout_decision_F_acc
2026-10-06T15:37:41,no_scratchpad,1337,1337,500,0.000162,,1.000000,1.000000,0.000000,1.000000,1.000000,,,,,,,,5.106507,,0.462000,0.462000,0.000000,0.000000,0.924000,,,,,,,
2026-10-06T15:37:47,no_scratchpad,1337,1337,1000,0.000013,,1.000000,1.000000,0.000000,1.000000,1.000000,,,,,,,,6.593959,,0.466000,0.466000,0.000000,0.000000,0.932000,,,,,,,
2026-10-06T15:37:56,no_scratchpad,1337,1337,1500,0.000002,,1.000000,1.000000,0.000000,1.000000,1.000000,,,,,,,,7.798001,,0.470000,0.470000,0.000000,0.000000,0.940000,,,,,,,
2026-10-06T15:38:03,no_scratchpad,1337,1337,2000,0.000000,,1.000000,1.000000,0.000000,1.000000,1.000000,,,,,,,,8.648436,,0.472500,0.472500,0.000000,0.000000,0.945000,,,,,,,
2026-10-06T15:41:00,no_scratchpad,1338,1337,500,0.000174,,1.000000,1.000000,0.000000,1.000000,1.000000,,,,,,,,5.114522,,0.500000,0.500000,0.000000,0.000000,1.000000,,,,,,,
2026-10-06T15:41:08,no_scratchpad,1338,1337,1000,0.000014,,1.000000,1.000000,0.000000,1.000000,1.000000,,,,,,,,6.706492,,0.500000,0.500000,0.000000,0.000000,1.000000,,,,,,,
2026-10-06T15:41:15,no_scratchpad,1338,1337,1500,0.000002,,1.000000,1.000000,0.000000,1.000000,1.000000,,,,,,,,7.975846,,0.500000,0.500000,0.000000,0.000000,1.000000,,,,,,,
2026-10-06T15:41:21,no_scratchpad,1338,1337,2000,0.000000,,1.000000,1.000000,0.000000,1.000000,1.000000,,,,,,,,8.868320,,0.500000,0.500000,0.000000,0.000000,1.000000,,,,,,,
2026-10-06T15:45:07,no_scratchpad,1339,1337,500,0.000159,,1.000000,1.000000,0.000000,1.000000,1.000000,,,,,,,,5.917371,,0.500000,0.500000,0.000000,0.000000,1.000000,,,,,,,
2026-10-06T15:45:15,no_scratchpad,1339,1337,1000,0.000011,,1.000000,1.000000,0.000000,1.000000,1.000000,,,,,,,,7.630449,,0.500000,0.500000,0.000000,0.000000,1.000000,,,,,,,
2026-10-06T15:45:22,no_scratchpad,1339,1337,1500,0.000001,,1.000000,1.000000,0.000000,1.000000,1.000000,,,,,,,,8.955052,,0.500000,0.500000,0.000000,0.000000,1.000000,,,,,,,
2026-10-06T15:45:34,no_scratchpad,1339,1337,2000,0.000000,,1.000000,1.000000,0.000000,1.000000,1.000000,,,,,,,,9.767549,,0.500000,0.500000,0.000000,0.000000,1.000000,,,,,,,
2026-10-06T15:49:09,no_scratchpad,1340,1337,500,0.000177,,1.000000,1.000000,0.000000,1.000000,1.000000,,,,,,,,5.210680,,0.500000,0.500000,0.000000,0.000000,1.000000,,,,,,,
2026-10-06T15:49:15,no_scratchpad,1340,1337,1000,0.000014,,1.000000,1.000000,0.000000,1.000000,1.000000,,,,,,,,6.716414,,0.500000,0.500000,0.000000,0.000000,1.000000,,,,,,,
2026-10-06T15:49:21,no_scratchpad,1340,1337,1500,0.000002,,1.000000,1.000000,0.000000,1.000000,1.000000,,,,,,,,7.911112,,0.500000,0.500000,0.000000,0.000000,1.000000,,,,,,,
2026-10-06T15:49:27,no_scratchpad,1340,1337,2000,0.000000,,1.000000,1.000000,0.000000,1.000000,1.000000,,,,,,,,8.744928,,0.500000,0.500000,0.000000,0.000000,1.000000,,,,,,,
2026-10-06T15:51:40,no_scratchpad,1341,1337,500,0.000168,,1.000000,1.000000,0.000000,1.000000,1.000000,,,,,,,,5.057367,,0.500000,0.500000,0.000000,0.000000,1.000000,,,,,,,
2026-10-06T15:51:46,no_scratchpad,1341,1337,1000,0.000012,,1.000000,1.000000,0.000000,1.000000,1.000000,,,,,,,,6.581993,,0.500000,0.500000,0.000000,0.000000,1.000000,,,,,,,
2026-10-06T15:51:51,no_scratchpad,1341,1337,1500,0.000002,,1.000000,1.000000,0.000000,1.000000,1.000000,,,,,,,,7.869772,,0.500000,0.500000,0.000000,0.000000,1.000000,,,,,,,
2026-10-06T15:51:57,no_scratchpad,1341,1337,2000,0.000000,,1.000000,1.000000,0.000000,1.000000,1.000000,,,,,,,,8.792344,,0.500000,0.500000,0.000000,0.000000,1.000000,,,,,,,
2026-10-06T15:56:52,dummy,1337,1337,500,0.000156,0.000122,1.000000,1.000000,0.000000,1.000000,1.000000,1.000000,1.000000,1.000000,0.000000,,,,5.016571,0.000122,0.500000,0.500000,0.000000,0.000000,1.000000,1.000000,1.000000,1.000000,0.000000,,,
2026-10-06T15:58:02,dummy,1337,1337,1000,0.000013,0.000010,1.000000,1.000000,0.000000,1.000000,1.000000,1.000000,1.000000,1.000000,0.000000,,,,6.487395,0.000010,0.500000,0.500000,0.000000,0.000000,1.000000,1.000000,1.000000,1.000000,0.000000,,,
2026-10-06T15:59:32,dummy,1337,1337,1500,0.000002,0.000001,1.000000,1.000000,0.000000,1.000000,1.000000,1.000000,1.000000,1.000000,0.000000,,,,7.674866,0.000001,0.500000,0.500000,0.000000,0.000000,1.000000,1.000000,1.000000,1.000000,0.000000,,,
2026-10-06T16:01:00,dummy,1337,1337,2000,0.000000,0.000000,1.000000,1.000000,0.000000,1.000000,1.000000,1.000000,1.000000,1.000000,0.000000,,,,8.524953,0.000000,0.500000,0.500000,0.000000,0.000000,1.000000,1.000000,1.000000,1.000000,0.000000,,,
2026-10-06T16:06:43,dummy,1338,1337,500,0.000148,0.000114,1.000000,1.000000,0.000000,1.000000,1.000000,1.000000,1.000000,1.000000,0.000000,,,,4.250918,0.000113,0.545000,0.545000,0.000000,0.166000,0.924000,1.000000,1.000000,1.000000,0.000000,,,
2026-10-06T16:07:59,dummy,1338,1337,1000,0.000012,0.000009,1.000000,1.000000,0.000000,1.000000,1.000000,1.000000,1.000000,1.000000,0.000000,,,,5.365396,0.000009,0.545500,0.545500,0.000000,0.166000,0.925000,1.000000,1.000000,1.000000,0.000000,,,
2026-10-06T16:09:39,dummy,1338,1337,1500,0.000002,0.000001,1.000000,1.000000,0.000000,1.000000,1.000000,1.000000,1.000000,1.000000,0.000000,,,,6.219749,0.000001,0.548500,0.548500,0.000000,0.166000,0.931000,1.000000,1.000000,1.000000,0.000000,,,
2026-10-06T16:11:22,dummy,1338,1337,2000,0.000000,0.000000,1.000000,1.000000,0.000000,1.000000,1.000000,1.000000,1.000000,1.000000,0.000000,,,,6.901307,0.000000,0.556000,0.556000,0.000000,0.166000,0.946000,1.000000,1.000000,1.000000,0.000000,,,
2026-10-06T16:18:21,dummy,1339,1337,500,0.000196,0.000149,1.000000,1.000000,0.000000,1.000000,1.000000,1.000000,1.000000,1.000000,0.000000,,,,5.874072,0.000148,0.435000,0.435000,0.297000,0.000000,0.870000,1.000000,1.000000,1.000000,0.000000,,,
2026-10-06T16:19:56,dummy,1339,1337,1000,0.000017,0.000013,1.000000,1.000000,0.000000,1.000000,1.000000,1.000000,1.000000,1.000000,0.000000,,,,7.347693,0.000013,0.435000,0.435000,0.297000,0.000000,0.870000,1.000000,1.000000,1.000000,0.000000,,,
2026-10-06T16:21:24,dummy,1339,1337,1500,0.000002,0.000002,1.000000,1.000000,0.000000,1.000000,1.000000,1.000000,1.000000,1.000000,0.000000,,,,8.366722,0.000002,0.435000,0.435000,0.267000,0.000000,0.870000,1.000000,1.000000,1.000000,0.000000,,,
2026-10-06T16:22:58,dummy,1339,1337,2000,0.000000,0.000000,1.000000,1.000000,0.000000,1.000000,1.000000,1.000000,1.000000,1.000000,0.000000,,,,9.004400,0.000000,0.446000,0.446000,0.194500,0.000000,0.892000,1.000000,1.000000,1.000000,0.000000,,,
2026-10-06T16:30:10,dummy,1340,1337,500,0.000176,0.000136,1.000000,1.000000,0.000000,1.000000,1.000000,1.000000,1.000000,1.000000,0.000000,,,,3.657864,0.000135,0.483500,0.483500,0.000000,0.000000,0.967000,1.000000,1.000000,1.000000,0.000000,,,
2026-10-06T16:31:45,dummy,1340,1337,1000,0.000014,0.000011,1.000000,1.000000,0.000000,1.000000,1.000000,1.000000,1.000000,1.000000,0.000000,,,,4.865212,0.000011,0.462000,0.462000,0.000000,0.000000,0.924000,1.000000,1.000000,1.000000,0.000000,,,
2026-10-06T16:33:21,dummy,1340,1337,1500,0.000002,0.000001,1.000000,1.000000,0.000000,1.000000,1.000000,1.000000,1.000000,1.000000,0.000000,,,,5.565968,0.000001,0.463500,0.463500,0.000000,0.003000,0.924000,1.000000,1.000000,1.000000,0.000000,,,
2026-10-06T16:34:58,dummy,1340,1337,2000,0.000000,0.000000,1.000000,1.000000,0.000000,1.000000,1.000000,1.000000,1.000000,1.000000,0.000000,,,,5.935384,0.000000,0.475500,0.475500,0.000000,0.027000,0.924000,1.000000,1.000000,1.000000,0.000000,,,
2026-10-06T16:42:04,dummy,1341,1337,500,0.000151,0.000110,1.000000,1.000000,0.000000,1.000000,1.000000,1.000000,1.000000,1.000000,0.000000,,,,2.988297,0.000109,0.620000,0.620000,0.000000,0.332000,0.908000,1.000000,1.000000,1.000000,0.000000,,,
2026-10-06T16:43:32,dummy,1341,1337,1000,0.000012,0.000009,1.000000,1.000000,0.000000,1.000000,1.000000,1.000000,1.000000,1.000000,0.000000,,,,4.034019,0.000009,0.615000,0.615000,0.000000,0.394000,0.836000,1.000000,1.000000,1.000000,0.000000,,,
2026-10-06T16:45:13,dummy,1341,1337,1500,0.000002,0.000001,1.000000,1.000000,0.000000,1.000000,1.000000,1.000000,1.000000,1.000000,0.000000,,,,4.930913,0.000001,0.627000,0.627000,0.000000,0.433000,0.821000,1.000000,1.000000,1.000000,0.000000,,,
2026-10-06T16:46:47,dummy,1341,1337,2000,0.000000,0.000000,1.000000,1.000000,0.000000,1.000000,1.000000,1.000000,1.000000,1.000000,0.000000,,,,5.528687,0.000000,0.627000,0.627000,0.000000,0.433000,0.821000,1.000000,1.000000,1.000000,0.000000,,,
2026-10-06T16:54:27,meaningful,1337,1337,500,0.000153,0.000313,1.000000,1.000000,0.000000,1.000000,1.000000,1.000000,1.000000,1.000000,0.000000,1.000000,1.000000,1.000000,0.000177,0.000557,1.000000,1.000000,0.000000,1.000000,1.000000,1.000000,1.000000,1.000000,0.000000,1.000000,1.000000,1.000000
2026-10-06T16:55:54,meaningful,1337,1337,1000,0.000012,0.000026,1.000000,1.000000,0.000000,1.000000,1.000000,1.000000,1.000000,1.000000,0.000000,1.000000,1.000000,1.000000,0.000014,0.000066,1.000000,1.000000,0.000000,1.000000,1.000000,1.000000,1.000000,1.000000,0.000000,1.000000,1.000000,1.000000
2026-10-06T16:57:34,meaningful,1337,1337,1500,0.000002,0.000003,1.000000,1.000000,0.000000,1.000000,1.000000,1.000000,1.000000,1.000000,0.000000,1.000000,1.000000,1.000000,0.000002,0.000018,1.000000,1.000000,0.000000,1.000000,1.000000,1.000000,1.000000,1.000000,0.000000,1.000000,1.000000,1.000000
2026-10-06T16:59:15,meaningful,1337,1337,2000,0.000000,0.000001,1.000000,1.000000,0.000000,1.000000,1.000000,1.000000,1.000000,1.000000,0.000000,1.000000,1.000000,1.000000,0.000000,0.000009,1.000000,1.000000,0.000000,1.000000,1.000000,1.000000,1.000000,1.000000,0.000000,1.000000,1.000000,1.000000
2026-10-06T17:06:15,meaningful,1338,1337,500,0.000144,0.000322,1.000000,1.000000,0.000000,1.000000,1.000000,1.000000,1.000000,1.000000,0.000000,1.000000,1.000000,1.000000,0.000177,0.000550,1.000000,1.000000,0.000000,1.000000,1.000000,1.000000,1.000000,1.000000,0.000000,1.000000,1.000000,1.000000
2026-10-06T17:07:50,meaningful,1338,1337,1000,0.000011,0.000026,1.000000,1.000000,0.000000,1.000000,1.000000,1.000000,1.000000,1.000000,0.000000,1.000000,1.000000,1.000000,0.000013,0.000050,1.000000,1.000000,0.000000,1.000000,1.000000,1.000000,1.000000,1.000000,0.000000,1.000000,1.000000,1.000000
2026-10-06T17:09:20,meaningful,1338,1337,1500,0.000001,0.000003,1.000000,1.000000,0.000000,1.000000,1.000000,1.000000,1.000000,1.000000,0.000000,1.000000,1.000000,1.000000,0.000002,0.000007,1.000000,1.000000,0.000000,1.000000,1.000000,1.000000,1.000000,1.000000,0.000000,1.000000,1.000000,1.000000
2026-10-06T17:10:46,meaningful,1338,1337,2000,0.000000,0.000001,1.000000,1.000000,0.000000,1.000000,1.000000,1.000000,1.000000,1.000000,0.000000,1.000000,1.000000,1.000000,0.000000,0.000002,1.000000,1.000000,0.000000,1.000000,1.000000,1.000000,1.000000,1.000000,0.000000,1.000000,1.000000,1.000000
2026-10-06T17:17:52,meaningful,1339,1337,500,0.000151,0.000292,1.000000,1.000000,0.000000,1.000000,1.000000,1.000000,1.000000,1.000000,0.000000,1.000000,1.000000,1.000000,0.000200,0.000461,1.000000,1.000000,0.000000,1.000000,1.000000,1.000000,1.000000,1.000000,0.000000,1.000000,1.000000,1.000000
2026-10-06T17:19:29,meaningful,1339,1337,1000,0.000012,0.000024,1.000000,1.000000,0.000000,1.000000,1.000000,1.000000,1.000000,1.000000,0.000000,1.000000,1.000000,1.000000,0.000015,0.000040,1.000000,1.000000,0.000000,1.000000,1.000000,1.000000,1.000000,1.000000,0.000000,1.000000,1.000000,1.000000
2026-10-06T17:21:03,meaningful,1339,1337,1500,0.000001,0.000003,1.000000,1.000000,0.000000,1.000000,1.000000,1.000000,1.000000,1.000000,0.000000,1.000000,1.000000,1.000000,0.000002,0.000005,1.000000,1.000000,0.000000,1.000000,1.000000,1.000000,1.000000,1.000000,0.000000,1.000000,1.000000,1.000000
2026-10-06T17:22:37,meaningful,1339,1337,2000,0.000000,0.000001,1.000000,1.000000,0.000000,1.000000,1.000000,1.000000,1.000000,1.000000,0.000000,1.000000,1.000000,1.000000,0.000000,0.000001,1.000000,1.000000,0.000000,1.000000,1.000000,1.000000,1.000000,1.000000,0.000000,1.000000,1.000000,1.000000
2026-10-06T17:29:40,meaningful,1340,1337,500,0.000149,0.000320,1.000000,1.000000,0.000000,1.000000,1.000000,1.000000,1.000000,1.000000,0.000000,1.000000,1.000000,1.000000,0.000174,0.000569,1.000000,1.000000,0.000000,1.000000,1.000000,1.000000,1.000000,1.000000,0.000000,1.000000,1.000000,1.000000
2026-10-06T17:31:17,meaningful,1340,1337,1000,0.000011,0.000027,1.000000,1.000000,0.000000,1.000000,1.000000,1.000000,1.000000,1.000000,0.000000,1.000000,1.000000,1.000000,0.000013,0.000065,1.000000,1.000000,0.000000,1.000000,1.000000,1.000000,1.000000,1.000000,0.000000,1.000000,1.000000,1.000000
2026-10-06T17:32:44,meaningful,1340,1337,1500,0.000001,0.000003,1.000000,1.000000,0.000000,1.000000,1.000000,1.000000,1.000000,1.000000,0.000000,1.000000,1.000000,1.000000,0.000002,0.000026,1.000000,1.000000,0.000000,1.000000,1.000000,1.000000,1.000000,1.000000,0.000000,1.000000,1.000000,1.000000
2026-10-06T17:34:12,meaningful,1340,1337,2000,0.000000,0.000001,1.000000,1.000000,0.000000,1.000000,1.000000,1.000000,1.000000,1.000000,0.000000,1.000000,1.000000,1.000000,0.000000,0.000027,1.000000,1.000000,0.000000,1.000000,1.000000,1.000000,1.000000,1.000000,0.000000,1.000000,1.000000,1.000000
2026-10-06T17:41:31,meaningful,1341,1337,500,0.000157,0.000304,1.000000,1.000000,0.000000,1.000000,1.000000,1.000000,1.000000,1.000000,0.000000,1.000000,1.000000,1.000000,0.000203,0.000513,1.000000,1.000000,0.000000,1.000000,1.000000,1.000000,1.000000,1.000000,0.000000,1.000000,1.000000,1.000000
2026-10-06T17:43:02,meaningful,1341,1337,1000,0.000012,0.000025,1.000000,1.000000,0.000000,1.000000,1.000000,1.000000,1.000000,1.000000,0.000000,1.000000,1.000000,1.000000,0.000016,0.000049,1.000000,1.000000,0.000000,1.000000,1.000000,1.000000,1.000000,1.000000,0.000000,1.000000,1.000000,1.000000
2026-10-06T17:44:35,meaningful,1341,1337,1500,0.000002,0.000003,1.000000,1.000000,0.000000,1.000000,1.000000,1.000000,1.000000,1.000000,0.000000,1.000000,1.000000,1.000000,0.000002,0.000008,1.000000,1.000000,0.000000,1.000000,1.000000,1.000000,1.000000,1.000000,0.000000,1.000000,1.000000,1.000000
2026-10-06T17:46:11,meaningful,1341,1337,2000,0.000000,0.000001,1.000000,1.000000,0.000000,1.000000,1.000000,1.000000,1.000000,1.000000,0.000000,1.000000,1.000000,1.000000,0.000000,0.000002,1.000000,1.000000,0.000000,1.000000,1.000000,1.000000,1.000000,1.000000,0.000000,1.000000,1.000000,1.000000
